{"cameraMode":{"drawMode":0,"name":"Shaded","section":"Shading Mode"},"sceneLighting":false,"audioPlay":false,"sceneViewState":{"m_AlwaysRefresh":false,"showFog":true,"showSkybox":false,"showFlares":true,"showImageEffects":true,"showParticleSystems":true,"showVisualEffectGraphs":true,"m_FxEnabled":true},"in2DMode":false,"pivot":{"x":-0.07341289520263672,"y":2.6708598136901857,"z":-1.7645347118377686},"rotation":{"x":0.20540346205234528,"y":-0.7131043672561646,"z":0.23308241367340089,"w":0.6284647583961487},"size":3.6073946952819826,"orthographic":false}